"","2015.07909436266","2061.59332225351","2107.86063227227","2164.82471851193","2187.72188890604","2201.42303646281","2205.76098248242","2227.52935099898","2250.90193949552","2263.28056305943","2304.37858857775","2317.66710100319","2338.09085246698","2346.73378018539","2370.75426148406","2398.77506849467","2438.65836720761","2481.05451667851","2524.35790422169","2554.69533972056","2595.40418589069","2625.91479184522","2675.63880230624","2705.98481506684","2729.32566718127","2772.3847433166","2831.23086200971","2846.19567578801","2867.67258909385","2893.01706000729","2919.85587655061","2920.51902747188","2943.85366321333","2974.56592838236","3031.15476580079","3075.94071310995","3109.45581734755","3125.22107344205","3145.31714505115","3188.32311519171","3214.99092989404","3241.29134524867","3243.2008776484","3306.03757466152","3332.91054525562","3369.67751654244","3403.98089355891","3441.40256491132","3462.79820668844","3463.925617949","3486.16741507368","3586.36253589096","3623.65821480727","3709.52205366039","3722.2631360887","3756.8460741084","3794.28335111016","3816.56150522982","3851.89292960668","3884.13171081233","3931.12119921725","3941.25643937403","4001.74725316717","4044.98216666407","4069.69864267829","4086.09806702881","4117.78110579415","4159.27030520675","4179.79293557672","4286.85853771645","4322.06120001325","4327.51513360853","4410.22278415248","4425.37620308285","4515.04505228604","4558.77490203568","4569.7012560675","4617.72100937088","4656.58078392807","4789.80650664603","4799.79023483193","4971.56879976355","5134.78986704832","5301.00694169963","5447.32512428668","5553.030850351","5656.96206489134","5974.69406527675","6188.29488679446","6269.61568805053","6305.65349868753","6350.78531289986","6493.46111887385","6550.31299754334","6660.90527274089","6920.70152430253","7008.2947037106","7572.39971535428","7630.07199289996","7758.19315620688","7932.05180666625","8147.46527264699","8295.86384423448","8301.42871396242","8404.71244449438","8571.11284039941","8986.43819085887","9294.09401263071","10263.4047910483","10843.4901403984","11312.8460324139","11715.2371849158","12073.4922439165","13180.3745936785","13242.9733451087","13784.0403535946","14007.2852026484","15137.5032993567","15880.3465139958"
"CS_1_D1",0.00011472444518846,0.000165402194234373,0.000198048372328281,0.000343507533539207,0.000205980428324479,0.000409178767556016,3.75117793561829e-05,9.04192261128839e-05,5.21871451128488e-05,0.000372410043793371,0.000617245094689482,0.000130251952738628,4.47719209101974e-05,0.000286238837626659,0.000188297256267269,0.000146180905439927,0.000192231500976322,0.000535162653343659,0.000731535695056621,0.000471751319720566,0.000379319280805145,0.00063379249344443,3.45495459924787e-05,0.00016542606034912,0.000146413043564386,0.000268450213454116,0.000257180765817184,0.000214734511570183,8.79446336520013e-05,0.000241028775381444,0.000449762145502654,5.8960025689646e-05,7.40648340734442e-05,0.000124627927399464,4.48472395303837e-05,8.97414698378176e-05,0.000147317374241534,0.000187255662973686,5.66328680438868e-05,6.96605871033149e-05,4.09293917124907e-05,3.55817633907829e-05,0.000192807567170545,4.42017874574158e-05,7.30614223189145e-05,0.000835735924034048,3.9979584482252e-05,7.25024883901247e-05,0.00136277811015751,0.00015978923778898,0.000103421204534825,0.000174021637980066,0.000139737802883934,4.68837655687887e-05,0.000299278413034718,0.000102312170601841,5.68508771607746e-05,0.000106078551147121,2.60710428660865e-05,0.00014608158767162,2.81088691177899e-05,0.000186144574884871,0.000158505888782397,2.03575964327e-05,6.03576723910041e-05,0.000136755459441404,0.00010767471790503,8.22703335544905e-05,0.00011973467443758,0.000127432654166948,0.00101401043960673,5.72197979587146e-05,0.000342395573368316,5.10023462825746e-05,5.47539519455592e-05,0.000163610277732523,0.00038539019170289,0.000137271154030243,0.000118951284119158,0.000110536865086307,0.00013432308371962,0.00170069601844705,0.000248717858427558,6.73078929060874e-05,6.43716780303667e-05,5.25078801648433e-06,0.000105614999156524,5.47372408027926e-05,8.49948684136665e-05,0.000186747617706009,0.000139359615517845,0.000113041472188039,1.06690813933416e-05,9.91317681043399e-05,5.1929995480423e-05,6.82431473620783e-05,0.000158978104477898,8.50381887808887e-05,0.000552030557169811,0.00100758883432975,5.29380968289469e-05,7.2055703510752e-05,0.000132076037394099,2.45158519533876e-05,0.00016584861260003,8.53735407850025e-05,3.28842863033592e-06,0.000515435621913484,1.60086149163727e-05,9.46240019468452e-05,7.55944207334536e-05,5.00048856240505e-05,6.39423971535264e-05,9.53825238731873e-05,4.16435507136386e-05,0.000116769407833352,9.48667689561822e-05,6.48625961206328e-05,1.81871356455904e-05
"CS_2_D1",4.92389994343832e-05,0.000116865177714309,0.000103565481577673,0.000204785886322146,0.000192537709104118,0.000247258968102308,0.000156394843035193,6.59727386622797e-05,4.60306252534086e-05,9.42148881734779e-05,0.000218716013379157,9.18307896363422e-05,0.000119238698557406,6.54875459917009e-05,9.15625176280761e-05,2.22666478213587e-05,7.81121478122469e-05,0.000157324580625395,0.000286595646207858,0.000169059767890635,0.000224291373148162,0.000272224098912231,4.53232340986561e-05,0.000101895100798726,2.15593946917981e-05,0.000106844228520619,8.99534571493435e-05,5.51868672309462e-05,9.69137597087783e-05,9.60008353654312e-05,0.000299146739153279,1.06894169021757e-05,4.35250592802887e-05,4.78969542277003e-05,3.89758300303378e-05,0.000738290333975804,9.76734911914093e-05,0.000150807481799355,7.02377950699873e-05,0.000155626139124658,0.000146213296859118,0.000113658011232325,0.000107290596544372,5.53315651350124e-05,2.02301563866403e-05,0.0015316589597906,3.57172952740409e-05,9.45391619814496e-05,0.00190116987934708,7.81011726312411e-05,3.37484465263469e-05,0.000142045990087241,4.74437372271348e-05,3.25751197368182e-05,0.000461499079154866,3.23709941767545e-05,4.94625134819495e-05,0.00014381460883263,7.95352731055685e-05,0.000116407560834111,6.91081152954577e-05,0.000158205781668366,2.89852038001496e-05,7.14344118050433e-05,4.25789449776022e-05,0.000166218893900753,8.00043025590537e-05,3.46668352223923e-05,9.45812718412508e-05,0.000101534337567488,0.000696844267215429,1.90180132437432e-05,0.000228592751599645,0.000157356674417869,0.00011409668854396,5.51838383998157e-05,0.000182612759071991,8.5418448958447e-05,0.000158870041743134,6.62640860599637e-05,9.82287129525314e-05,0.00130315561129248,9.21375494552249e-05,1.23226117181216e-05,0.000121702842438819,1.60605283773987e-05,0.000117973075292809,2.32166731594252e-05,0.000132776955724266,0.00116448267440924,2.59475546446084e-05,8.46549135511164e-05,2.23557749682603e-05,0.000287885041905714,2.43952293387243e-06,9.64421303298041e-05,0.000158687104529567,0.000259388170467447,0.000235937338562384,0.00105645116549543,6.01853640449238e-05,7.22289270344969e-05,0.000200358804559033,0.000131667279414639,0.00010553239078822,0.000111483076674026,0.000127242640798835,0.000485169187163364,1.13648603032179e-05,0.000277948696350947,0.000148169085467704,0.000121879881607192,0.000136230323704495,0.000165979539248902,1.62181893806259e-05,0.000168220398513324,0.000114364618855268,0.000182793143792587,7.60006044683415e-06
"CS_3_D1",0.000133136376813158,0.000103229429885209,0.000187644373857506,0.000419602138696973,0.000215980892210656,0.000685870469936277,0.000184417346350612,0.000198693888219732,0.000187699995710586,0.00011601723118553,0.000426443930718492,0.000430495637464587,0.000306175242228079,0.000201243647931845,0.00013879739945001,6.9883156695883e-05,0.000187966654629888,0.000387126454798103,0.000176799839765321,0.000227912263011875,0.000379467009227086,0.000371727297125979,0.000304871523335823,0.000172762970215872,0.000132014322081263,0.000295639387930345,0.0001436535475141,0.00022001775796568,0.000180521761900557,0.000147514269183294,0.000470416288404329,7.56825335450917e-05,0.000446294680636577,0.000279268150290048,0.000203397823484014,1.92948122258732e-06,0.000265031240271106,0.000350838729447658,0.000116134285594532,5.7853134943941e-05,5.48332231945365e-05,0.000174956527826544,0.000553445623129464,0.000129097666736604,0.000441802719345882,0.000276048825202741,0.000319465951501263,0.0013020008669502,0.000203420610371878,0.000149576305110122,0.000500079889302062,0.000172104612393929,0.000157988308229718,0.000150711245010128,0.000181936346069207,9.95800835045134e-05,0.000106620472633347,0.000130145220408646,6.64384512606694e-05,0.000198362784303176,0.000138806975140923,0.000205357671819032,0.000140384093455274,9.97762104768461e-05,8.68343960214534e-05,8.14416440262651e-05,0.000136812832254816,0.000151700012408052,0.000153878722661734,0.000202669704326983,0.000131920386421872,0.000106172062239465,0.000137064886634648,0.000293677883611035,0.000109939567670489,0.000114585899941495,0.00046216592922597,0.000217246007687043,6.87905251562016e-05,9.50439775512449e-05,0.000891425386565911,0.00256647081870863,0.000308294330436722,9.78148708182305e-05,8.91757501806804e-05,2.03055662085087e-05,7.84100303446556e-05,8.47906511751336e-05,0.000149159803190224,0.00016307435009317,0.000132171199562667,7.83637573228397e-05,7.9189342833936e-05,0.000111226357606993,7.89460914966349e-05,9.79526477874584e-05,8.32070760139873e-05,9.13955155283676e-05,8.93194001208145e-05,0.000550398776815065,0.00014829779716934,0.000105103486394286,0.00029948497126117,4.35469057909772e-06,0.000126148802225633,7.34809565863848e-05,1.14600476503887e-05,0.00032237919961667,7.08909003564998e-05,9.07620609940519e-05,2.49952267255498e-05,6.37101670547368e-05,0.000149543858604051,7.82159638451035e-05,3.91507935209884e-05,9.00729517386139e-05,2.3728522779631e-05,5.15214097623574e-05,9.72736563808308e-06
"BIS_D1",8.84848368911683e-05,9.6320064555372e-05,0.000142002609049469,0.000334771233024578,0.000175290747100836,0.000526360787229228,7.07842650528403e-05,0.000244168837655804,6.80500537326847e-05,0.000110097026162147,0.000326636738119076,0.000135824470691886,0.000101901132215489,0.000132400423791114,0.000113600559820452,2.42741645223322e-05,0.000189616547017498,0.00080267355536933,0.000256792000850067,0.000133772707705497,0.000223916179716926,0.000384652003592981,0.000173868319311961,0.000117105275846756,5.7544684741169e-05,0.000141633528948794,9.42727485460906e-05,7.07074215242202e-05,8.46518862086982e-05,0.000108246580687968,0.000371736307483998,3.7670736186058e-05,0.000294097651569017,0.000168165973792632,9.40253460453055e-05,3.00211832667182e-06,3.91997045157246e-05,0.000102946539897023,0.000143684615057336,5.4661052974121e-05,4.74672818501102e-05,0.000105141621998516,0.000167824064244581,0.000155693827900027,0.00012730465976488,0.000127205017632305,0.000655117999679072,0.00170487749894326,0.000243688037628049,0.00119359059024267,0.000797420154949496,0.000160407875421748,9.4522161646991e-05,0.000488175014237015,0.00021155869404067,7.34128111272073e-05,3.43439844793686e-05,0.000105447011619184,4.65887417647591e-05,0.000113910219857883,3.68734483137102e-05,0.000143067184774679,7.85925362608774e-05,0.000124560238272135,0.000101746184035975,6.23488568772615e-05,9.46226693408542e-05,7.54796195637246e-05,0.000151736699531809,0.000112641094052725,0.000261784137487339,0.000666872426158167,9.51530255655515e-05,0.000153998227265504,6.35257286013287e-05,3.62807101238646e-05,0.000703828157281994,2.36192064956165e-05,0.00015890220995405,4.54304656883009e-05,0.000268307492179324,0.00229106097268609,0.000209731406226172,1.88984519482065e-05,9.63444712694219e-05,1.73551677966076e-05,0.000133078040385448,0.00015526626146828,0.000111448393507079,0.000127369096677495,0.00110553313788762,0.000557871233795064,9.96972728880372e-05,0.000125968456626188,2.31613034112984e-05,0.000343964581633103,0.000166508205188398,0.000101931439750434,0.000236461195951711,0.000430233796758438,0.000186517133646543,8.14663624772941e-05,0.000464379281222043,1.64396893513703e-05,1.10771204070073e-05,0.000104114150414841,1.32965401343822e-05,0.000282319935637846,8.14308717132932e-05,9.75701200696897e-05,9.76147723588909e-05,9.48063020581191e-05,0.000212504106287901,8.43967333327237e-05,0.000104671476349211,0.000255670637202451,7.24010087513087e-05,8.70420822336179e-05,6.89241693764666e-05
"BIS_D7",0.000211058279880216,0.000488913080180147,0.000147584567733709,0.000385997940874262,0.000148339528135829,0.000627277043265726,7.62418489618985e-05,0.000303623492914796,0.000125628619750429,0.000166385866000675,0.00044871900932891,0.000452129834656167,0.00018662134657952,0.000298980783506695,0.000112247371388144,0.000102818637085831,0.00053112138466231,0.000322849552207775,0.000254107481046197,0.000120082282937815,0.000298171398401241,0.000360810191271302,0.00031889176900556,8.98413101654177e-05,9.34636622554998e-05,0.00027387114637374,0.000254600893225475,8.4653905482285e-05,0.000156294428690993,7.87151347907657e-05,0.000315405799229276,8.62809936134368e-05,0.00017615899055961,0.000148838956680978,0.000322518740308961,5.33267400331817e-05,0.00019921752696809,0.000785058949778929,9.69322505099519e-05,0.000560278787822442,0.000124339247265398,5.88699718987014e-05,0.000734557785289602,8.85462188054641e-05,9.77762684172909e-05,0.000133445027824264,5.01208635405708e-05,8.63513945755713e-05,0.000284166634587258,7.00712150423225e-05,0.000134019551090485,3.09659072162852e-05,8.41842375590875e-05,4.78627086607291e-05,9.06917412073681e-05,5.59592995534389e-05,8.25518676639757e-05,8.9720388121774e-05,4.02861270147972e-05,0.000169831875818717,2.1301640046718e-05,0.000650606129421518,0.000147456079889311,3.60734935289262e-05,4.74507491839885e-05,0.000227170577035588,5.12663840960734e-05,1.43806728740333e-05,0.000268995583661333,0.000102831681924059,0.000124766798559417,0.000108879085211298,0.000282402303553621,0.000187877505059713,7.29841328222111e-05,0.000119607460351142,0.000421481435052941,0.000124653559054489,0.000333881660495893,0.000254936123343027,0.000380937843302275,0.00171120646114079,9.12106096271081e-05,0.000181976097109112,0.000186016044640308,2.16282232166951e-06,0.000201104420614638,0.000209722639524558,0.00011474791161223,0.000211329591085606,4.20749748856989e-05,0.00011961829784696,1.45835585440923e-05,0.000118837453768342,4.59284294505074e-05,0.000312016316573449,0.000152064991383603,7.18835637448834e-05,5.98285232841596e-05,0.000659348921712583,8.98385142145486e-05,8.83645170755067e-05,0.000357481295813267,0.00015836575670188,0.000125531653538386,0.000144978755199422,3.53802672181188e-06,0.000569176325724019,2.19782626244366e-05,0.000222666593947597,0.000117535625260624,0.000131864613652419,0.000188045995568113,5.32064156626982e-05,5.13608757302102e-05,0.000267396421333643,4.63872394434913e-05,4.9701969014599e-05,1.36548583147516e-05
"HJG_D7",7.4171626461884e-05,0.000105392246265527,8.93405214697796e-05,0.000334704766620195,0.000245416437572158,0.000294038326988238,0.000140796742086297,0.000361312779839439,0.000100911306865839,0.000118262286387944,0.000358218123762535,0.000351458953450364,0.000267147732999906,0.000160280880499061,8.9017954008322e-05,9.23996153959205e-05,0.000194315029009288,0.000222445787308724,0.000484707628751777,0.000326447074723946,0.000135886884762982,0.000519904351215701,0.000103905250763208,8.4538970322912e-05,7.84013454150779e-05,0.000104989367212314,0.000144815883157391,0.000218652898750474,0.000113218504479497,0.000226246021321959,0.000460658647034153,7.28984113991207e-05,0.000287533271327695,0.000100433983020952,6.11661488803365e-05,9.66073743034559e-06,5.28800356351103e-05,0.000116910624328843,8.66042387505268e-05,8.48725249813693e-05,5.43944652726343e-05,9.0789806172364e-05,0.000149919094124291,0.000112535660642833,0.000162789395035557,0.00121508389441753,0.000370937762598988,0.00103027165017099,0.00122102642229654,0.0006479908642959,0.00102882836057808,0.000145628322173801,0.000127555267234771,0.000323830828425603,0.000577067468662767,0.000102895750634096,4.94812028490518e-05,0.000104899847556103,9.6576624628587e-05,0.000164973258052941,7.39223851846239e-05,0.00013424909261236,7.09067205636415e-05,0.000110665399457766,8.52174099786291e-05,0.000100528116571328,5.84980607260392e-05,4.96505352085681e-05,9.8771288776819e-05,0.000268722123646544,0.00088787459549902,0.000692641332480747,0.000248395727205649,0.000168059630669296,0.000103445797301834,9.00368483926108e-05,0.00021069609698269,2.58678746710304e-05,6.88343603379317e-05,4.40948154270881e-05,7.4818301747279e-05,0.00144107622927914,0.000213689780014392,2.30903157815146e-05,7.09280413523743e-05,8.94395552406755e-05,9.04740874570585e-05,1.35308748574107e-05,0.000181214888786382,0.000463955671480521,0.000345236432492696,0.0003767062115397,2.89327384191848e-05,0.000109831504872347,2.01523636747352e-05,0.000113044327610239,9.10064862314398e-05,0.000232386395842131,5.46345370703409e-05,0.00042189163153588,0.000181849904946911,0.000198230515059652,0.000181091499632098,8.65000733884623e-05,1.35624151750268e-05,6.98734361546778e-05,3.86417903909757e-05,9.5705539289335e-05,3.80440111120667e-05,0.000143669575562163,0.000107253300389195,3.14559643111743e-05,1.90461136381018e-05,0.00013453611254969,9.44343491251145e-05,0.000148673543106654,5.58727044598497e-05,0.000420600948241054,4.56393029467222e-05
"PA_D1",9.09360929807438e-05,0.000124079865948603,0.000163173433900703,0.000281712694113868,0.000206311859507591,0.000255848146967666,0.000176146557459948,0.000215390654111359,4.6620884915369e-05,0.000159667401488042,0.000203905360319075,0.000444642723009695,0.000363558919989426,0.000191476007768494,0.000183871987510592,9.72294936299545e-05,0.000146419742620174,0.000156987902621373,0.000282569625562094,0.000433687868964137,0.000199079071389253,0.000483022878105924,0.000112759881121149,0.000180623343454276,0.000150790562586171,0.000232681757062483,0.000219642706979746,0.000266835081837347,0.00022842409091313,0.000249216234511568,0.000288159120113807,5.06706137514262e-05,0.000313522309749797,6.29764024221474e-05,0.000115097148173873,1.26960965772981e-05,5.05637471185112e-05,0.000141595558851048,0.00016104015554985,8.41301897472732e-05,5.90539253943631e-05,0.000100016983370016,0.000128305744372247,0.000108903009046997,4.55774761017272e-05,0.000361670476027402,0.000115715232431588,0.000431840457030576,0.000529475750884385,0.000180268026866289,0.000785409267316402,0.000152558180343512,0.000135678117873829,0.000222508268118876,0.000190931866663073,8.30042865260636e-05,4.62545494491551e-05,6.62678927513357e-05,7.63204010650318e-05,0.000100310658397959,0.000141200440481784,0.000146916746137737,0.000100088291244513,6.85760606563684e-05,7.36928207107152e-05,3.8813173724748e-05,0.000103740821839276,4.13402667710175e-05,0.000140762028735117,0.000280157460025736,0.000939300145972387,0.0016121159243231,0.000331889625049248,0.000263612843875537,8.31577774842242e-05,0.000168573000602437,0.000385563021069743,1.49599780950047e-05,0.000113074136594756,9.15110215185446e-05,0.000141199725712997,0.00238498182513096,0.000213771105956681,5.81933549737906e-05,9.78481476693005e-05,5.21817752762856e-05,4.77141109540375e-05,5.9100677953864e-05,0.000160064036800734,0.000189200608708233,0.000655196731450463,0.000172870011693688,0.000135230515777071,0.000132216011520802,1.15762882504161e-05,8.29838537246765e-05,1.65779852102945e-05,0.000286525303563763,0.000730109713882407,0.00109776013319193,0.000145853497956239,0.000145104961546938,0.00014643717123225,9.53214880836817e-05,7.28388787611514e-06,9.89022370542062e-05,2.48362698377563e-05,0.000309291566744058,3.94031382426288e-05,5.87436049947301e-05,2.24096020531798e-05,1.70369153531215e-05,1.52232175905752e-05,6.62111699653122e-05,6.92821875654534e-05,0.000127444907582414,5.65957598810379e-06,7.48491991732714e-05,5.0561199124922e-05
"SCM_D7",7.05113928039453e-05,0.000109875494909256,9.61051061107563e-05,0.000301630956569886,0.000254309858855955,0.000355861117772048,0.00011879308209353,0.000169614958561525,7.22956209732473e-05,0.000126267763206166,0.000321777474286322,0.000247133777896881,0.000111339036492008,0.000175195523432378,0.000109918944342074,9.96208654673839e-05,0.000117515041490986,0.000173150840434302,0.000269058132994147,0.000163551404864504,0.000187125429905463,0.000334125997932049,0.000103716927570578,0.000109700924668283,8.03064864245666e-05,0.000125983196144472,0.000187790498195025,0.000116799525100545,0.000127273769558458,0.000133797645498861,0.000280799288359137,5.9322527628207e-05,0.000346149882607822,8.32653199377759e-05,0.000111944348254552,1.96008074906771e-05,5.60385512805005e-05,9.63040995777967e-05,0.000120855112782151,7.70838403891248e-05,5.03167881997436e-05,6.5307622351397e-05,0.000122173663721186,9.95190453345117e-05,0.000101991737019557,0.00103719690251245,0.000242490524779052,0.000870350589268744,0.00121857987497028,0.000476954751842054,0.000827278300310351,0.000131532453000141,0.000102351928825986,0.000290895914340958,0.000327174003099513,8.24076142142964e-05,3.70170809630397e-05,8.62474016837761e-05,8.3687845553028e-05,8.11282519307735e-05,9.429604421792e-05,0.000169250448494512,0.000122283884780693,0.000101876589646982,8.64807404305802e-05,5.53127059905607e-05,4.40666711649705e-05,5.24978239486605e-05,0.000157838009383625,0.000186310962941663,0.000699090891238226,0.00083662958522766,0.000233017758219879,0.000184028044385538,0.000110477937378532,0.00014953411692512,0.000169490633837169,2.45814557166673e-05,8.130666715487e-05,7.01264093135846e-05,7.77602505350265e-05,0.00145670304870381,0.00017482563076586,4.30343386059126e-05,9.42878778154877e-05,2.0427725898153e-05,8.63809909034232e-05,5.58376943758841e-05,0.000163867439498422,0.000429218410011244,0.000212133545036493,0.000265571727002401,3.05134393196399e-05,2.32719569889484e-05,1.4243042666607e-05,0.000108603173867085,9.71256149276414e-05,0.000251809718824754,0.00032011161709268,0.00112207976920986,0.000213841050415237,0.000155615953017727,0.000218518709669438,7.5552202165238e-06,1.261105819371e-05,0.000102577717940159,2.47173401529744e-05,0.000614450363940402,2.81141622640688e-05,0.000114454326814991,0.000109353336871243,3.47750622349747e-05,1.71944300404683e-05,9.39536986277777e-05,4.58072502669422e-05,0.000158195147727973,4.85472698399879e-05,0.000155319432023919,7.87153693525416e-05
"FPH_D1",0.00011013064768246,0.000120072361409061,9.46425482984739e-05,0.000335740493035758,0.00026135249123587,0.000370979686872744,9.69939801851661e-05,0.000608717237143718,0.000177294025535324,6.8723482060089e-05,0.000303127816634699,0.000220276746647315,0.000100887174824728,0.000163191697653243,0.000101988421511127,4.35110213601119e-05,0.000119268192512834,0.000165036499801037,0.000289955487322918,0.00017314925828753,6.04054410373698e-05,0.000322876473765665,0.000111137433331656,0.00011533128763244,7.00472267450067e-05,0.000127400208020053,9.03055800316514e-05,7.01290048512271e-05,0.000125288899030569,0.000136370021939998,0.000294504863927822,7.64764629763435e-05,0.000170693801202464,0.000189980687932206,7.37173175141144e-05,2.88018514084374e-05,6.07817895605205e-05,9.25259630815036e-05,3.55635158177186e-05,8.58404189119797e-05,8.26640320406446e-05,0.000128292100662227,0.000123394593341482,4.23881010826383e-05,5.3145432145588e-05,0.000934178724379637,0.000127641152635908,0.000473763026435847,0.00107469530395735,0.000274459959944548,0.000871653761256791,0.000148557789042312,0.00011215389371397,8.71174041898288e-05,0.000328081874071055,0.000121093343921406,6.94934547178447e-05,8.51275077214158e-05,8.08567884030947e-05,0.000267563568409288,8.70665732164385e-05,0.000165902460108833,8.53500499534563e-05,0.000142007846313472,0.000103223931057107,7.6244490985701e-05,3.13777323568216e-05,5.8116198927365e-05,2.61397655993309e-05,2.65527477868595e-05,0.000710024137241462,0.000146551763232701,0.000258529868635395,0.000195059456682122,5.8327376415531e-05,2.04052092448846e-05,0.000157727154972961,3.26384403324425e-05,0.000149836449430125,3.28299732565946e-05,1.9545183516162e-05,0.00154705626516938,0.000197503497191811,2.88337084193616e-05,2.62206873228577e-05,3.73008053448027e-06,9.34065208856355e-05,7.11335269549725e-06,0.000156622159400823,0.000363756462584536,0.000133031369621727,8.18339850732134e-05,2.2100749999287e-06,1.25330260529589e-05,1.39523159122101e-05,9.90607177823029e-05,9.10909702054291e-05,0.000244258869039614,0.000290920753989926,0.00109929325877879,0.000205388975224003,0.000329195299593702,0.0002116627837496,1.84257131950903e-05,9.25892131678621e-06,0.000100632010019825,6.70261637531242e-05,0.00064282746992504,3.40780437794983e-05,0.000150231245878717,0.000107466065863199,2.96344610373054e-05,1.32653451187847e-05,0.000120145734610236,1.77132383044028e-05,0.000136889865141006,0.000134616763922063,0.00017308475128931,1.8285385050186e-05
"FPH_D7",7.57910565223613e-05,0.000159777021020305,0.000153163926669655,0.000440036973985069,0.000189728227917277,0.000381697000977906,0.000174363991421525,0.000280541877847081,0.000109732197072921,0.000222266629516802,0.000317379514016304,0.000218597690147714,7.24200520040366e-05,0.00034294231511323,0.000186847461228447,0.0001038672285608,0.000234650343635535,0.000241817975988561,0.000187996345425023,6.0985139844584e-05,9.14025993916136e-05,0.000357667028072208,0.000161002878650801,0.000170107495302907,0.000137746829843469,0.000227097484195328,0.000189110433336024,0.000118068547384472,0.000149941289286963,0.000192963395585517,0.000331767521421503,9.08716742191875e-05,0.000140513232082944,0.000170842475903311,8.35384017118244e-05,9.48495118776824e-05,6.28884217828408e-05,0.000176636360864007,2.79188595267881e-05,0.000100263402482013,5.84459697592469e-05,9.91061545935564e-05,0.000141610648574789,5.87695948073452e-05,4.8234909769033e-05,0.000328278793432583,0.000102359667192882,0.000200623309580758,0.000641719076222154,0.000139978071591501,0.00038907359662103,0.000154286147384223,0.000136305803227466,6.20323296915705e-05,0.000214260735988848,0.000126690602950573,3.44268790930506e-05,0.000130214358136752,0.000112686230255907,0.000202467024853885,0.000187022684790125,0.000214353997037159,7.26627570893498e-05,8.7399751786073e-05,0.000151589738003791,0.000102166920778551,0.000139653884748792,3.81098645110059e-05,0.000108184786576448,0.000577808506410752,0.00176627710711975,0.000165166515753987,0.000536275889854531,0.000311375548772701,0.000131574742077535,0.000163221744485993,0.000177913355873825,9.47230973964505e-05,0.0001391018383259,2.62778803437406e-05,0.000129861385654554,0.00240454400813754,0.000154566644138106,5.12458095031624e-05,5.94116005991115e-05,4.95384941744441e-06,0.000104397785036382,7.20453375321399e-06,0.000178516633892749,0.000962704475331098,0.000696931793469303,6.33744416802407e-05,2.11300549865899e-06,0.000164382665313058,1.61982647520099e-05,0.000119217559451052,0.000150467216770021,0.000607477315815268,0.000754679820154092,0.00124868912054547,0.000166605683723961,0.000165226469588614,0.000179761816728747,1.7219063663093e-05,1.59987096695201e-05,0.000117778206143711,4.45303140149625e-05,0.000485846617448487,0.000177176354262625,7.78897679136623e-05,8.30919703370325e-05,2.4215916761669e-05,1.1709507457497e-05,6.95806456028675e-05,7.79391388135146e-06,0.000211775778842091,9.69551817192309e-05,0.000179284737327273,0.000102865248192485
"GAA_D7",0.000124782323384202,8.79545282624367e-05,0.00012031474847502,0.000232635538004707,0.00016789182356544,0.000255775657325984,7.31481000177258e-05,0.000548178348525479,0.000112802977490604,0.000164042682061109,0.00022978157016644,0.000231312048252977,4.77825990901429e-05,0.000182774940747672,0.000127663437697319,7.60919870871255e-05,0.000143732124449422,0.000194007010837781,0.000207529173481786,0.000105333045252857,0.000192821046338279,0.000343341941227965,0.000117567105361108,0.000130624447217842,0.000105229433277233,0.000185932202671427,0.000128129219972263,7.23907372597369e-05,0.000151512826049878,0.000163666942485712,0.000340213927341005,0.000136726620016085,0.000126753429391617,0.000138520483345496,0.00011227507579966,3.88123696135186e-05,6.47095737970481e-05,0.000129479147044362,2.67657750365067e-05,0.000147046443544388,0.000116761402941408,0.000108654918704589,0.000105334031384707,4.5453767437092e-05,2.75327051183257e-05,0.000712190187739279,7.81866152296666e-05,0.000169805711773628,0.000897951271315424,0.000130922343231696,0.000723631018876335,0.000141654634550223,0.000113602891772201,5.68198803584278e-05,0.00028476456382942,0.00015631646067984,5.20034782787493e-05,8.37229138407421e-05,8.5236474105629e-05,0.000297459157117881,0.000106452379315124,0.00021328616512172,0.000130593835523575,0.000115315428658713,0.000135515467488782,7.91023738212721e-05,7.8474574436182e-05,3.31128947633789e-05,4.24625650767455e-05,0.000266909820398563,0.000854407700675824,6.99054385039038e-05,0.00028386627857943,0.000175480312501032,8.32101911970274e-05,0.000105777503327042,0.000222901613158353,8.35472382707942e-05,0.000146454269949184,2.18593614257979e-05,8.33150816806047e-05,0.00183549342699834,0.000186482680439356,3.22810417378782e-05,2.37099176147794e-05,3.19871720400911e-06,9.16050857448095e-05,3.7169225705706e-06,0.000135430020382205,0.000273559660417741,0.000226585488528084,3.40598882612554e-05,2.36823555464592e-06,1.57409222140975e-05,1.23541810733507e-05,0.000119748270587066,8.52767791418519e-05,0.000418427143533794,0.000487006473197348,0.00107536065959727,0.000175639605745434,0.00028599530617286,0.000171144655686963,1.20243281222684e-05,3.48852689020535e-05,0.000145013287503534,6.36954378941144e-05,0.000499463519005605,0.000166690055531537,0.000104845600755494,8.43233319005703e-05,2.40905868266646e-05,1.17183690593351e-05,9.46489804167454e-05,9.51616204611685e-06,0.000131735826793705,0.000148632410815624,0.000261223869853316,8.91046559306243e-05
"GC_D1",8.87189313767169e-05,7.63506492760413e-05,8.66525227416918e-05,0.000490968563885558,0.000378003111453133,0.00056060352870995,9.6103852774119e-05,0.000107357661829906,3.88700281082775e-05,0.000216650678477323,0.000248429930794665,0.000185446993180729,5.21351072368621e-05,0.000190859138804594,0.000123689912272575,8.77543594472896e-05,0.00010850421563752,0.000105915373417031,9.86423662089929e-05,7.95934759014809e-05,6.58380903514667e-05,0.000102600570427024,9.95043872029375e-05,9.14275475936437e-05,6.84560431646085e-05,0.000188247390223768,0.000145881171551946,8.81040496064379e-05,7.51897320750195e-05,0.00013049719228777,0.00017847162009486,0.000116410101989921,0.00019615309075095,0.000152232204949434,9.13276664107383e-05,7.65323517199714e-05,5.78612477127466e-05,8.1429274050192e-05,0.000148393902054877,0.000190708215491826,0.000139080306769055,0.000113922209469075,0.000130215458216041,9.59678574466012e-05,9.23505084358928e-05,0.000392331188994373,0.000257849305486786,0.00115077592699162,0.000662583544442526,0.00065514313919109,0.000445116097852522,0.000112466743812103,0.00010173173037945,0.000199116965538772,0.000166267406198206,7.01243924465813e-05,2.45886616632858e-05,0.000103037343453743,5.40882982749817e-05,9.96777016763921e-05,0.000158265129027624,0.000269843172890264,9.99469843057512e-05,0.000231883182412381,9.73022220188322e-05,7.04978722782659e-05,3.88764663761038e-05,6.4896145753265e-05,9.56130517045148e-05,9.12303468438116e-05,0.000157737857973221,0.000448246702523011,0.000211477860260861,0.000136303876912418,0.000113135746805384,5.76755230620142e-05,0.00017238023186721,8.34096244159436e-06,3.94677793848487e-05,5.68755085609175e-05,1.65183590850874e-05,0.0015391802054279,0.000224315858538398,8.28383215483839e-05,1.93803211665849e-05,2.33353971078868e-05,0.000119714720864662,2.31361873096467e-05,9.33938471414909e-05,0.000155247787930285,7.53836749684498e-05,7.10358085061744e-05,4.1835281716627e-06,1.43537608230546e-05,1.45855687742542e-05,0.000173903967684521,3.12136604011652e-05,0.00017633955917471,0.000259304466132486,0.00162643767822316,0.000297283479745272,8.99414444808143e-05,0.000347534197698897,9.60340576990462e-06,1.43373754294585e-05,7.88653889742615e-05,0.000110993189981027,0.000918702654582818,7.41434988960141e-06,8.62044549212967e-05,0.000161410904225226,3.06994894608883e-05,1.68796624292864e-05,4.33422290187578e-05,4.63538144146378e-05,0.000243280334881646,0.000158155439827433,9.80814598007764e-05,9.05043095822943e-05
"GC_D7",0.000108244342614175,0.000107283193458858,0.000164875080389319,0.000155384048042966,0.000661116794660666,0.000792684442638864,5.22449113338054e-05,0.000214491905075064,3.22583530038662e-05,0.000186308100627781,0.000293046102335263,9.25053427996989e-05,7.54362532878521e-05,0.000273986944879791,0.000185573816009399,6.30699689267485e-06,0.000275921799120225,0.000235954741350943,0.000366860985999363,0.00010915613627516,0.000179788535314104,0.000223508702979728,6.20324585984088e-05,6.66449080161905e-05,6.88212657024289e-05,0.000212686708097569,0.000266230119572986,7.52419669139813e-05,7.90386152220102e-05,7.14881219176188e-05,0.00034676491811758,9.3061277390311e-05,0.000167526607430262,0.000204358694323644,0.000142891073948164,6.78519400610775e-06,5.62507535398906e-05,8.72530426879599e-05,0.000131710564676854,0.00014501833714678,3.90543383214512e-05,0.000125449520273181,0.00014564084379405,8.82796264855275e-05,0.000170786705673219,0.000237689927860593,0.000348997510956212,0.0013728061128449,0.000389787149440397,0.000664963455512318,0.00135115309409527,0.000165890196713871,0.000200702610437333,0.000434227521566898,0.000174310374989481,6.03784332878541e-05,3.38251214367288e-05,0.000154676125490959,0.000107153999598244,0.000381927394016438,0.000178478052852168,0.000420031873990508,5.18176992634163e-05,0.000417349021415552,6.77229520210131e-05,3.51705130619299e-05,4.01717918488781e-05,2.07480670905179e-05,5.1823047280657e-06,0.000133626914902017,0.000156315994142572,0.00077957957734844,0.000176627181679392,8.7876649737721e-05,0.000179435135249829,5.17078609449135e-05,0.000294287655665411,4.84604795541966e-05,0.000151660802147796,3.89956057642712e-05,2.39132886302466e-05,0.0018589796480788,0.000219133639022825,7.76410955360631e-05,8.19348635474846e-06,3.16729312596183e-05,0.000125563552192711,5.32463588810199e-06,9.22650128689521e-05,8.75845072492886e-05,8.77716068815679e-05,0.000326948554651242,2.22627682352418e-05,2.27309020326022e-05,9.67511491076074e-06,0.000138556875801297,0.000166207691173619,0.000241238151437633,0.000291149594600229,0.00159038179252592,0.000293534358804452,0.000230520102056056,0.000351039757743724,4.53144805592571e-06,2.13835070088516e-05,0.000112967420732889,0.000178068783956052,0.000920374294989862,0.000183714991739654,0.000128818476721719,0.000132271658881702,5.02546710736849e-05,1.06722699336902e-05,5.62183242521056e-05,4.52784209358324e-05,0.00017935030978402,0.000109705739979497,0.000137664559586683,0.000110882242078736
"GLE_D1",0.000132060196196849,7.3453323465468e-05,7.65064487799991e-05,0.000497736924180167,0.000424868177638529,0.000607076919681729,0.000194720171704331,0.000577209662313619,2.85279975457777e-05,0.000113326759159418,0.000187350250210792,0.00042700104949697,0.00021442888362396,0.000166377954669756,7.49225585208722e-05,4.52896040564874e-05,4.34414935930149e-05,0.000145167780293076,0.0001489290649346,7.38429902236976e-05,0.000227239664280792,0.000155779682567348,8.80660262377984e-05,0.00018397973925011,0.000180525527464222,0.000196911182209699,0.000120530045611415,0.00011224304589831,0.000146118329615028,0.000109837536093805,0.00015239278905342,0.00014110877411479,0.000132363302225767,0.000139407705624688,0.000140682674341407,8.12981495410159e-05,8.73186270913092e-05,8.20821841323604e-05,4.43269502964355e-05,0.000147307135529422,0.000142961830738931,0.000140232837182286,0.000153512049364259,0.000130521060309612,0.000151500246955619,0.000263953998680424,0.000285921339846736,0.0012202229435157,0.000502203486192165,0.000582169863923863,0.000824657617751343,9.70129519239841e-05,0.000171261649670955,0.000411306845784258,0.000228198141498726,4.90577281718938e-05,5.94926263864962e-05,8.37123451361722e-05,5.83556388972131e-05,0.000286858542594381,0.00019703574209229,0.000339810124878648,5.66112180679384e-05,0.00031819831588532,0.000173430228533918,7.268879127486e-05,4.07711010031035e-05,8.32512374599549e-05,5.96640129255062e-05,8.55608334574372e-05,8.78305279785645e-05,0.00135472212531869,0.000209205671226944,0.00020280237409506,0.000190212178758803,0.000305958359734139,0.000223436277220395,4.44678417765256e-05,0.000199924352714252,6.69537367334629e-05,1.68927396347638e-05,0.00205538709698924,0.000181925919442818,7.78102613269277e-05,7.1030704067187e-05,4.06006283964394e-05,0.000150427176715682,2.78690851330576e-05,0.000162069968359661,8.75523750399357e-05,0.000298794217390385,0.000267410300898984,6.91599714434728e-05,4.97215441500733e-05,3.37910051828315e-05,0.000256262365594187,0.000197980557110538,0.000190127601614675,0.000197248548788406,0.00127855285184391,0.00021789489709527,1.84607912894615e-05,0.000307187794318966,6.27028353325342e-06,1.72534669346332e-05,0.000121490462452696,7.09674051038606e-05,0.000778155497832582,0.00017015139142287,7.02214108929196e-05,0.000126822580489863,1.56109418178731e-05,4.87493252379566e-06,0.00026012893944192,0.000213471238694708,0.000302272124922837,0.000148841160203764,0.000130682798007277,2.17611000590541e-05
"GLE_D7",7.92731148857334e-05,6.68130326281776e-05,0.000155053923846006,0.000147047775113097,9.21893997608665e-05,0.000191456229535061,0.000134678174784581,0.000117286975525673,5.91965629194748e-05,9.57709486111805e-05,0.00010040615302518,0.000336072562522866,0.000231720314353603,0.000134819283759471,0.000102670646574195,7.18907194787223e-05,8.57916748413844e-05,9.77683628134534e-05,0.000156714223309274,0.000117570345184573,0.000164748891755106,0.000228147364752595,9.82928256388823e-05,8.10225272445562e-05,4.41620061023213e-05,0.000148239239486229,0.000141260307048856,0.000159143355243304,0.000149691451417523,0.000166687910596027,0.000365282336697143,9.10476920832398e-05,0.000386572705428433,6.27560473249279e-05,9.55394078528474e-05,9.25710930990377e-05,8.48248411281825e-05,0.00014645946221179,0.000107854878487666,6.28384014335364e-05,2.38303682189743e-05,6.8744244371666e-05,0.000105425944088161,0.000186555822796106,0.00028814153625896,0.000820247255159262,0.000581777784844788,0.00160950238551898,0.00129488385674171,0.000951975134963804,0.0013907696249573,0.000163226553489408,0.000132069366521081,0.000785141217063985,0.000197966259871788,0.000165069421052884,4.40665678528322e-05,6.64669665458232e-05,0.00010360997540587,9.86095649061732e-05,8.48050726224041e-05,0.000206969687202279,0.000123075438572628,0.000210450338018069,4.73332716266403e-05,5.90554588498476e-05,6.78292732403309e-05,2.81216622315029e-05,7.94149123914214e-05,0.000150194998486629,0.000495505005945579,0.000801787644312426,0.00016079189011085,0.000165268268410723,0.000119355121754563,8.36209892284365e-05,0.000179376255993431,8.08729987166381e-06,9.07674469571294e-05,6.06827617321196e-05,0.000104138813891349,0.00122416709396767,0.000229619591200643,2.25458644093009e-05,5.28882017084406e-05,5.88301079819768e-05,6.20420829505026e-05,1.3361302936334e-05,9.05431856658449e-05,9.82320059262928e-05,7.21066688989148e-05,0.000369872896513493,5.65025009878381e-05,8.59823728453648e-05,3.20717893574265e-05,5.15555225261676e-05,2.26101109618209e-05,0.000567719523301721,0.000497520163302255,0.000759275584757472,0.00014534636702647,9.1702430267742e-05,0.000137126007654457,7.34140564610831e-05,3.42470973974549e-05,0.000143426689099314,1.7931222196569e-06,0.000289863686923347,1.77690717090624e-05,6.55460312758046e-05,3.35978619663548e-05,2.26445448580457e-05,2.24556349722821e-05,0.000102270007363205,0.000124183406440024,7.2344271481513e-05,2.43627444108498e-05,0.000316701303850666,0.000114839917093991
"LJB_D1",8.78882728949669e-05,7.43371175973009e-05,8.80235925703446e-05,0.000176160112503625,0.000397229739632939,0.000168927639726789,0.000238504268364653,0.000147238926528444,0.000186844196867465,0.000127498871965082,0.000308238963243803,0.000443417340874312,0.000269609316216788,0.000205433456712869,0.000160876572661748,3.94937703463068e-05,0.000183584443741521,0.000159910786744614,0.00019464165942582,0.000137301482742113,0.000165049616500069,0.00023178416291454,0.000178178208218974,9.42781877663834e-05,0.000209022079026019,0.000124367996637988,0.000153054824563379,0.000149444094236503,0.000269153081782038,0.000197675704420469,0.000268496587851816,0.000157919002538138,0.00018437078918866,0.00013984807444113,0.000113205332911706,6.39848746893296e-05,8.59843389887068e-05,8.15892663513274e-05,0.000105330965590903,7.14724079644411e-05,6.934267930013e-05,0.000221386747259144,0.000389697329910429,0.000111758504412985,8.34028125019055e-05,0.00201792856010819,0.000112514601900778,0.000327054638935267,0.0028413744774644,0.000153736016948329,0.00192851668970777,0.000323260169893544,0.000205211842615889,0.000237805783836932,0.000758242077571502,7.68164276252861e-05,5.3761308987684e-05,0.000222259585071656,0.000236012652042362,0.000215005376058692,0.000148808846194705,0.000166532727849614,9.39102931242225e-05,0.000105102865885979,6.83801940047794e-05,5.29029495886273e-05,8.49514246920171e-05,0.000110004502630615,0.000148209599466309,0.000238642983172462,0.00090125479853633,0.00129975493046972,0.000392638513537681,0.000354317473380927,0.000171632529116793,0.000152096235689904,0.000327990270194692,2.55472824133617e-05,9.15810970812679e-05,0.000133013242671385,0.000184539096202733,0.00211724378773701,0.000263022794723993,7.11576267490472e-05,0.000269463908684617,2.21315067300676e-05,1.59552531047435e-05,1.14613781338823e-05,0.000182816959724648,0.00032391787637738,0.000253907222861395,3.67871961788584e-05,1.10068877656384e-05,0.00030460721998422,2.59007182713469e-06,6.26522642321518e-06,4.35846618506871e-05,0.000610063516090413,0.000217000374118016,0.000297352911144695,0.000213154854320887,0.000143624265061604,0.000119401628167473,1.34518296008567e-05,2.13234901446139e-06,4.74940802559451e-05,8.45629977474244e-05,9.81402056630503e-05,6.61352367326889e-05,0.000563590435356177,5.34606628649681e-06,9.4808058337185e-06,5.44575430372614e-06,0.000433301442779539,3.3604534890841e-05,8.91059373348917e-06,3.43222453749721e-06,8.04033527768871e-05,6.87276596444753e-05
"LJB_D7",8.15688365115115e-05,0.000108143318909768,0.000218215807943216,0.00027309886506739,0.000194551083494366,0.000402838149884177,8.41213954171785e-05,0.000389068452648738,0.00010192300944377,0.000132425533653913,0.000339286028338189,0.000170773488589385,8.79844221274108e-05,0.000222417079404217,0.00021358914452228,8.32647589808272e-05,0.000246942938397235,0.000158453819983051,7.98296454915764e-05,0.000254271484147652,8.13934357272161e-05,0.000580266801527684,9.35094431219616e-05,0.000156048260794123,6.98743637946752e-05,0.000600597912772789,0.000128651797432939,7.67765168665747e-05,0.000191260555788974,0.000201224027806467,0.000455921293180301,8.87511194083497e-05,0.000178905229244933,0.000166054364259498,8.85199894001979e-05,0.000119309773021967,6.50659315581057e-05,0.000155208095624273,5.68326119267359e-05,0.000199970326097133,0.000122160269613463,9.50811284245418e-05,0.00023774417503727,4.51782186447216e-05,5.94704039010864e-05,0.000733405705689416,0.000121013396886693,0.000541972455770271,0.000999082895468367,0.000271689497235268,0.000518886665641186,0.000182540783904318,0.000120794157729093,0.000123128293329878,0.000270408237419344,0.000133146385659084,8.64348141398527e-05,0.00013206068039112,0.000162784368968169,0.000180757688748466,7.33088290204255e-05,0.000378115949736214,6.52106663123675e-05,8.6634001324496e-05,9.75139716784967e-05,5.94905481103057e-05,8.84074708191984e-05,9.86342285579618e-05,0.000101320340580149,3.47761228330045e-05,0.000772330395162459,0.000221193370728358,0.000223454289868009,0.000152835853920479,5.64816326884766e-05,0.000112161124922315,0.00034794577832084,3.25032002685691e-05,0.000297560537490688,3.06902350081125e-05,0.000469487036606609,0.00183716094691289,0.000123250236238321,8.88945296971247e-05,2.79072949806998e-05,4.50345300771381e-06,9.03068551293766e-05,7.29555622792215e-06,0.000147032958636528,0.000588995772388094,6.74206405829376e-05,5.98721024342281e-05,1.63223451733592e-06,0.000101628295234691,3.29100526779276e-05,0.000104919397241665,0.000168572836546374,0.000170452035924601,0.00075252165485331,0.00119604469814049,0.000172458122315813,0.000155033006286221,0.000239982661112345,2.76992987393606e-05,7.49352028064929e-06,6.11265608880152e-05,4.48766830856964e-05,0.000513963683288353,9.28735686444312e-05,0.000106009996828604,0.000104962990811481,1.53455191933552e-05,1.28702314689652e-05,0.000102777082655089,4.78029276506889e-05,0.000168074839708105,8.13999085611041e-05,0.000191484788360863,0.000105416037893781
"OJJ_D7",6.9570710460172e-05,0.000101442875600341,0.000127560627255782,0.000265754452994641,0.00019497339640672,0.000271625457775006,5.00950397878416e-05,0.000102488507694883,0.000130484570211181,0.000192472268826994,0.000284563639314381,0.000258972894285142,9.81577929666883e-05,0.00018887051681736,0.000135493608218197,7.9075834028113e-05,0.000159482013567319,0.00020891395761639,0.000299969981507014,0.000139740645147601,0.000208448112677039,0.000404957171819468,3.92766165798639e-05,0.000136159214795317,4.75972504218485e-05,0.000164261796175348,0.000138729153235564,0.000117006895178908,0.000173068026143577,0.000198573032734033,0.000349203246730023,6.03182200169365e-05,0.000171348348912212,7.08091026116609e-05,7.2246770036112e-05,7.30829079754689e-05,9.19881125973738e-05,0.0001201568569376,8.0978961654562e-05,7.366969846444e-05,4.87493604861492e-05,5.3680229615174e-05,9.42709091573419e-05,0.000175801922073982,0.000238195184613035,0.000526923011186018,0.000552940456476286,0.00275931822858218,0.000708789562687444,0.001245400377735,0.00054945048936051,0.000125582355496611,0.000115294102221227,0.00066515483828141,0.000201318715270232,7.67545027877158e-05,3.47243332314461e-05,7.81556921326605e-05,7.57345777771466e-05,6.31059394839e-05,0.000107915318730905,0.000177706769824893,0.000145783642223898,0.000114304357740867,5.20236120756618e-05,5.21801521477131e-05,7.23592935314244e-05,2.03710290025176e-05,9.30509815057617e-05,0.000281847731629047,0.000777266690371234,0.000862649873825146,0.000259893133264719,0.000219853158165961,0.000159753299498177,0.000116535005109558,0.000267302670585119,1.74885912248865e-05,0.000130966685879034,0.00016696970963695,8.41157800371042e-05,0.00180885621830088,0.000186576781256982,8.55680657826732e-06,6.68269950686413e-05,4.41364869446e-05,1.82275553216682e-05,1.25938471619029e-05,0.00011881305563402,0.000255492663037924,0.000208925232248596,0.000284855772169861,4.57947476235385e-05,7.09171095986053e-05,6.17209013478358e-05,0.000100651383336901,1.83786605185887e-05,0.000411686824487502,0.000497267907729554,0.00101479952758098,0.000168452633914857,2.63551236567795e-05,0.000144218353597746,7.73939697314116e-06,2.12439693295772e-05,0.000128600263508361,3.4963856850103e-06,0.000428175916604236,9.66266225251778e-06,7.7832317469078e-05,2.58305847316631e-05,1.36331046805301e-05,7.40766139274675e-06,0.000262358376116109,0.000204147763353192,0.000117559896459913,1.24635860664967e-05,0.000264561681524305,9.2434655768485e-05
"PMA_D1",2.21017671466908e-05,0.00011096748087181,0.000112732167093171,9.26358870598218e-05,9.98387657439672e-05,0.000232012318596694,9.07592133385629e-05,0.000315126441623182,0.000112300196062147,0.000125947940100842,0.000153241402487534,0.000151384028433414,4.8786985753651e-05,0.000144818578557925,0.000170988313977424,9.95320715684084e-06,9.21109907880659e-05,0.000203523070874806,0.000191041135332948,0.000134035572443267,0.00012746640025566,0.00025879310050707,0.000227313461657434,8.77403952761602e-05,0.000132714833504128,0.000123821515252202,0.000157353064637238,0.000142273599069569,0.00010651770414531,0.000128725074949438,0.000335363715037196,7.21182280551979e-05,0.000443051911130655,0.000153649786011534,7.07110689390667e-05,6.19185253288384e-05,8.97314070274848e-05,0.000110321589957471,8.08669736297856e-05,0.00017860001559098,0.000118577272985056,8.08119455583985e-05,6.90830139929369e-05,8.86087444961345e-05,0.000256184929675883,0.000357064129247996,0.000147447177011159,0.000908043580182087,0.000400093620765144,0.00027615353282567,0.000202584824820064,9.16168315087964e-05,4.61713729640785e-05,0.000262421595340151,9.44608680712229e-05,5.77081840269205e-05,2.25032341452374e-05,9.56654817117078e-05,0.000151698893885981,0.000196994994004972,5.92978250690878e-05,0.000299558601480602,0.000182732721858493,0.000118537270480097,6.12507454148349e-05,2.78087021702496e-05,2.99053729920096e-05,3.75632113920455e-05,1.69181795009171e-05,0.000142325744550507,0.000307643862640981,0.00072992538647948,9.41865036120872e-05,0.000171323523154718,0.000170295607476191,0.0001104574654353,0.000229798573869311,1.97928678388076e-05,0.000174993313640482,0.000207248786451572,6.27997838213972e-05,0.00156310073686888,0.000268487055110728,5.03975628908918e-05,1.17984097319573e-05,2.9999441963156e-05,0.000157461372197413,1.35622682525788e-05,8.27587241905937e-05,8.55665988464907e-05,7.84146209549807e-05,0.000327379801828803,3.28392114662634e-05,1.86679480591129e-05,9.95229415837411e-06,0.000302578026283666,0.000165611076446557,0.000781742847726364,0.000700552027773114,0.000916077096403992,0.000229862847361805,0.000176577406636857,0.00022720705972765,4.95401746001802e-06,1.7453956945699e-05,0.00022433711846765,2.06974453198789e-05,0.000482731806687476,3.63155785056335e-05,0.000114930324121458,0.000164915403204786,5.81874318714314e-05,7.79762421271397e-06,8.71478213261906e-05,6.30061014316667e-05,0.000294221754036392,0.000127186984263962,0.000647230970895215,0.000224492907244109
"PMA_D7",0.000118807398845837,0.000155262781751886,0.000107123953319382,0.000447511115523736,0.000433552047387327,0.000556149148237307,0.000152662099878108,0.000277518286489405,9.6140505011794e-05,0.000162956066275069,0.00035504697951726,0.000251927128751413,0.000161734509032029,0.000211897877032543,0.00012815866547227,0.000102715649826449,0.000112347571759344,0.00019431271981598,0.000411506875409811,0.000212168291421174,0.000138076036512668,0.000304257818099916,0.000140406502838004,0.000139925697732096,8.9868517903063e-05,0.000159518586011922,0.00010878760797624,0.000129530310965525,0.000157488648313375,0.000124247805891629,0.000306897657027771,8.51889512921233e-05,0.000346639337203479,0.000199470881246461,8.58682852924141e-05,7.07593421713986e-05,6.60346967562261e-05,8.72726973856468e-05,0.000114897038276851,0.000152524672878095,9.80697848180561e-05,0.000113117587028132,0.000153111860584338,9.20664984080127e-05,6.32397013368015e-05,0.00109497843436631,0.000158965259008857,0.000663897577064183,0.00142725365124897,0.000358317645230439,0.000545400641878793,0.000136454816366156,0.000111102254357949,0.0001950201745999,0.000220177316531226,8.66789562766527e-05,3.923202371989e-05,0.000100481915889953,7.76977742927452e-05,0.000175646516725988,0.000117545097027205,0.000260991340647922,7.41109502605449e-05,9.86137649194371e-05,8.94111016485821e-05,5.46328107137176e-05,9.39534104408777e-05,5.64787378271447e-05,9.71694824291303e-05,0.000180499384777629,0.000536186482063571,0.000770047078879928,0.000173897715141037,0.000186971443426264,0.000130316965122636,0.000105326566166813,0.000184222149999406,2.12929066833087e-05,0.000167516915754234,7.81669654377457e-05,9.93620706138219e-05,0.00178152615342311,0.000195847530725279,7.30989281970106e-05,2.26878815206471e-05,1.94230905628901e-05,6.81840609738941e-05,2.40127433730408e-05,0.000202045388234594,0.000575287390745559,0.000188836648503156,0.000210208909910041,3.05198876015067e-05,8.61050228958313e-05,1.3077855671854e-05,9.87692804304407e-05,6.0621210825966e-05,0.000390959438925296,0.000361830805700636,0.00145160556354733,0.000254753650045143,0.000134689764492488,0.000300642809924327,8.39638334065208e-06,1.06291224949216e-05,7.25660204559623e-05,8.71815565102831e-05,0.000823487090168292,6.72677941888455e-05,0.000117285574671256,8.62057041815955e-05,3.20680221183392e-05,2.15001475793995e-05,0.000102661752635777,3.03269349479036e-05,0.000123050246765158,4.03831339964933e-05,0.00026992384732844,7.19051096826924e-05
"TLA_D1",0.000105334889986143,0.000115487718933959,0.000154982052175776,0.000191756027142666,0.000178878869635153,0.000254097196067747,0.000157271654592235,0.000243304008439689,5.71919843791187e-05,0.00020938250487827,0.000367576177817177,0.000208381090014877,0.000164197873087702,0.000213754171702146,0.00010262370472101,0.000128987597339866,0.00015823492616282,0.000406533736081655,0.000638827864756615,0.000295462980862072,0.000106806470141462,0.00040285547725077,0.000121020465900779,7.03781123422415e-05,8.10177276890861e-05,0.000142996718704001,0.000110860290773228,0.000166274684547889,0.000168696279846808,0.000198970648078497,0.000220607098598638,6.64415212836687e-05,0.00018356392454061,0.000133654292589234,7.42712096725102e-05,3.3727504187984e-05,7.70151597502976e-05,0.00012098612626234,0.000134648088726823,4.91161208343559e-05,5.77846662612761e-05,9.51399160735507e-05,0.000122309353125947,0.000125177741795097,7.17805397374019e-05,0.000185825150070734,0.000145172600907229,0.000645730549287442,0.000287137462662953,0.00030286302387265,0.000190401442216252,8.81944624869024e-05,7.7380493651977e-05,0.000244221096533741,7.98564227435998e-05,9.00748450340627e-05,3.0435239975128e-05,0.000114016211279559,7.90980177838399e-05,7.69645438488879e-05,0.000111631031305497,0.00014006687894884,7.98976836369547e-05,9.80709873391084e-05,0.000104979171784452,6.03294217805337e-05,5.89133595658937e-05,7.42286741753338e-05,3.20564499484923e-05,9.76411226846561e-05,0.00027104189036272,0.000884696218723552,0.000103257759961162,0.000217907071644923,0.000144726542586831,0.000136520735637871,0.000129488836435097,1.05481108923759e-05,7.72359958387043e-05,0.00010707996149734,2.8687086203662e-05,0.00236106698379286,0.000148334205492693,2.52423960785777e-05,3.60776576858492e-05,4.51219329307132e-05,2.38865118851809e-05,1.73390588089114e-05,8.789747510445e-05,0.00011092868838143,0.000246586232807776,0.000205484369529321,3.04004229435955e-05,2.55438449556171e-05,1.1903018157439e-05,6.86906712577251e-05,6.15994030460868e-05,0.000374500673018394,0.000363453808806721,0.00107711605847593,9.73998278520063e-05,9.09251842528757e-05,0.00013294487791326,2.52632374991545e-05,1.62972905909668e-05,6.9081615863483e-05,6.09446738318118e-05,0.000519733557471442,0.00010444157070608,5.83624733850763e-05,1.41754997824169e-05,1.89823711946985e-05,1.8769723502418e-05,4.3271257178109e-05,4.11705106211618e-05,0.000102840568734657,1.31976284746555e-05,0.000160343087640683,8.12205922529403e-05
"TLA_D7",4.17663588987012e-05,0.000167213480611762,9.7316582062058e-05,0.000134175945207687,0.000134693375025451,0.000176475512889763,5.154638866421e-05,0.000224955513434223,7.14546349562569e-05,3.87550492902815e-05,9.84452003738484e-05,0.000103643581196365,8.9387164924954e-05,7.55634667779299e-05,5.20958866082389e-05,1.25266864139833e-05,2.21228115401408e-05,0.000124318858175049,0.000104278413806936,0.000158081662579044,0.000102899950880737,0.000136426171738341,9.3091402838291e-05,9.64817038230652e-05,5.3034916727011e-05,0.000109545291340227,7.3549937181306e-05,7.106034401284e-05,0.000108503337592686,0.000101193183993087,0.000157159563052245,6.34487214304053e-05,0.000353374622687501,8.97858268042223e-05,3.09771781358312e-05,1.17376637251315e-05,5.945840605013e-05,9.55970217166062e-05,9.71874570500632e-05,2.74414715001329e-05,2.23004871494878e-05,5.98520451464926e-05,0.000103255246949167,4.46212425889565e-05,3.10502179757798e-05,0.00112256416388266,7.10653571610346e-05,0.000355054289433635,0.00124133098357631,0.00013714071716658,0.00121972050420944,0.000110008325180689,8.98074009729114e-05,6.20912250479381e-05,0.000223140147365607,5.09383289441235e-05,3.13230614424768e-05,8.09882519162719e-05,5.10364154608598e-05,0.000294593755222041,0.000107150100286791,0.000251700857844482,9.13015455103696e-05,0.00016486067905621,9.50881203040468e-05,5.88459610727441e-05,3.58670364399225e-05,2.48874019442559e-05,8.07905556290188e-06,0.000108527588761289,0.000366462903680894,0.000297773992490693,0.000110787945574699,9.05225619288176e-05,8.12377584615402e-05,5.36356184968781e-05,0.000232835801232975,4.77787095905215e-05,0.000131569233819836,4.26315864402787e-05,8.52592873279615e-06,0.00104894430754719,0.000212772751053613,3.39696091979407e-05,9.79148142720612e-05,2.10425167133352e-05,0.000245276755648066,1.96164645344316e-05,7.24703022724249e-05,9.41967878310526e-05,7.72415727120223e-05,6.6649810804658e-05,2.05872969023394e-06,0.000103571092006275,1.50455724691782e-05,0.000230250736890875,0.00019706599551538,0.000296446430220281,0.000257336247616886,0.00111182574843888,0.00024892563003626,0.000172230846019247,0.000213015013386318,7.35682234594233e-06,1.04529169697756e-05,9.741872913235e-05,1.17200043688099e-05,0.000809048039954056,2.99526715213727e-05,0.000235483927146223,0.000278968904731117,4.38928258528136e-05,3.89248899249773e-05,0.000132373729682518,2.46485438354344e-05,0.000271210417322235,0.000157841350592719,0.000270946058093374,0.00014628386515796
"GSF_D1",0.000118255736501821,0.000205518037912679,8.91732424691006e-05,0.000164267567552506,0.000101095551186386,0.000228410604678203,0.000118490279425838,0.00053066831779035,0.000134123120779955,5.05868155310396e-05,0.000158167930661533,0.000192392119567703,0.000121414898476621,8.41732456091176e-05,0.000122045493833698,2.75456809941707e-05,0.000103038067679179,0.000255431089350301,0.000146944246974375,0.000122951704447542,0.000204289550884793,0.000302838971752289,0.000129120674039053,0.000169677323722858,9.66353327026383e-05,0.000292680329910721,0.000108501097381054,8.47787272934882e-05,0.000108453264837952,0.000149738378291704,0.000366244034849764,7.5239086658094e-05,0.000295813349958549,0.00012852489125318,8.31345340396982e-05,1.17131556389892e-05,5.33788697382363e-05,0.000149735190836439,8.24157901770732e-05,0.000135975646382644,8.09390852914545e-05,0.000143698686143921,0.00017959183226947,8.84549530181611e-05,0.000125067451431318,0.00126526859972235,0.000309349197207466,0.0013237239092032,0.00136333884531832,0.000627077389235373,0.00131589708584033,0.000133018407623119,0.000105168186952009,0.000243720686780519,0.000444764312785665,8.03254599896077e-05,5.31854399763851e-05,0.000153234760033555,0.000131826514277371,0.000169107861398006,6.21697202240959e-05,0.000376708957409279,7.06546398954986e-05,0.000115596905569024,0.00010042028851693,7.72682965835459e-05,8.5991592655136e-05,6.43225876156066e-05,2.91653868627354e-05,9.13083641418914e-05,0.000804208765733552,0.000540984413441709,0.000260591008828897,9.50924086893786e-05,8.32080364568418e-05,3.89154050753562e-05,0.00033383110525752,2.95373105828967e-05,9.6613945564278e-05,5.33498104447728e-05,0.000118893828549393,0.00146212285563554,0.000197155590643839,2.26718157836906e-05,9.07323191339615e-05,8.76283772331446e-05,0.000247569931574352,7.70057839522046e-06,0.000189140117051513,0.000417281790471109,0.000560519222093397,0.000362608443632803,2.31809027387061e-05,9.15973676919322e-05,9.78523161848028e-06,0.000261010709962833,0.000131576064431987,0.000392054297738781,0.000195339486521048,0.00111183656636343,0.000187993744210626,0.000284652446512832,0.000252440926502084,1.38696250470454e-05,6.76430174704435e-06,0.000154507603523891,7.8619989062989e-05,0.000706656866744744,5.67148485344109e-05,0.000151764260097742,0.000234921093717705,1.60737658951371e-05,2.02291165367525e-05,9.68148113699039e-05,4.44757279475512e-05,0.000259040052628086,9.58899753016505e-05,0.000292356147617277,0.000119333504301426
"GSF_D7",0.000151961062924656,0.000346861970330906,0.000233989469156295,0.000259594298302093,0.000410437738631154,0.000656443407141988,0.000115025547661067,0.000290895863569192,9.89675558373693e-05,0.000231784090980816,0.000656159868225651,0.000191213866209991,0.000124049891322341,0.000447389165733489,0.00010916492793831,3.9003759299689e-05,0.000422411477134799,0.000187037068022861,0.000184122743723436,0.000126328446142763,0.000207096503619402,0.00104310907912749,9.62660165460774e-05,7.5996811954721e-05,6.90639323540143e-05,0.000368642115237451,0.00013086062316837,0.000105985865748072,0.000127966123704,0.000178195462970992,0.000313831890293954,0.000184119189230448,0.000133903717961514,8.81144488113258e-05,8.5928731533454e-05,1.58628770118019e-05,4.90014997219632e-05,0.00011877121655023,0.00010063896093121,6.94399284603181e-05,5.36008469109286e-05,9.66810783922269e-05,0.000152839548758643,0.000104018522303796,0.000123297228615002,0.000968205266458707,0.000289483051416918,0.0010396911124451,0.00119820903787934,0.000577336095654371,0.000675416010730114,0.000169922123255346,0.000179832670367474,0.00028386999596309,0.000381666495448731,8.11417821174289e-05,3.7461059394297e-05,9.5345021323206e-05,6.82565410331935e-05,0.000144880175894597,7.35399924437285e-05,0.000197636703736065,8.21917607843176e-05,0.00010676016484901,0.000186775503855091,6.34624186623246e-05,9.8588696768478e-05,7.34512720036705e-05,0.000194000277681043,0.000134758852936186,0.0014438368038695,0.000715092839883688,0.000531024578219505,0.000229657259794874,9.53301084006495e-05,8.12863780926033e-05,0.000312153713984533,2.09167757343965e-05,9.02964050511964e-05,5.39908848135274e-05,9.54566833696006e-05,0.00200616699719351,0.000186721553186041,2.11544878491911e-05,0.000179553983585063,0.000110645512385625,6.96202819595152e-05,1.53109123436084e-05,0.000180633301787129,0.000269023174550983,0.000341676883424037,0.000261488471595359,3.17232140390085e-05,0.00021514718682733,1.53632537722557e-05,5.57669496305797e-05,7.09847174418581e-05,0.000253490600374186,0.000367979918440067,0.000494473035771248,0.000168028708237258,0.000174458337812415,0.000131885095566308,1.8353190323603e-05,1.13724324775026e-05,9.65712362070078e-05,6.73029728646213e-05,7.30796456188468e-05,8.95403047809751e-05,0.000412695257471216,7.67139015278975e-05,2.61016266817846e-05,1.4832222548834e-05,0.000332783396669572,5.47154657109579e-05,0.000112357475672306,5.27573656568016e-05,8.50550776393073e-05,3.43535799926166e-05
"HVJ_D1",0.000191603976109187,0.000214968592586092,0.000171496788003751,0.000566225809115533,0.000407641258729848,0.000625537875234852,9.5491525240609e-05,0.000370295388695849,9.98203637103583e-05,0.000279175222939283,0.000506029269372773,0.000135740515247467,9.67786413222061e-05,0.000344423189802829,0.000110193582272853,2.15737977413864e-05,0.000207641026117696,0.000192893089995028,0.000181349452064147,0.000163718505577235,0.000138031190069824,0.000399320507859641,0.000224173941055395,7.69288076979776e-05,0.000211072819023083,0.000441414418434768,0.000263436956676723,8.39475534470304e-05,0.00026217320897119,9.76815594840915e-05,0.000285585729239095,5.28294752568281e-05,0.00024691890143635,0.000100980394278965,7.2285508197904e-05,1.86911985232432e-05,6.61274995614241e-05,0.000123466848416725,9.94263558023643e-05,0.000154041191376001,5.03839592097276e-05,0.000106277957284445,0.000218400839633497,0.000158951891603598,3.85508988935916e-05,0.000316049553366994,0.000171455520298069,0.000321708078075799,0.000351538176412273,0.000213872396520596,0.000510415316427971,9.5486450424295e-05,0.000309378188969711,0.000120426261338869,0.000240757617610025,8.40996979320031e-05,4.54038015035627e-05,0.000283800299130191,0.000244580164292329,0.000237875425283086,6.93076176140143e-05,0.000235780746031374,6.81382014630692e-05,9.30455689300411e-05,0.00010583317081338,5.48224155784452e-05,0.000145770119559174,5.0228712993513e-05,0.000174719110821996,0.000134422356294844,0.00136211360083717,0.00057433791100525,0.000500989840502412,0.000308807825924416,8.43218806178652e-05,6.78395057708763e-05,0.000220999539931866,2.97102445618054e-05,0.000187610504916062,5.64752971526886e-05,0.000167826971921127,0.0021645120470943,0.000245073748961416,8.53583286485396e-05,1.64117995614373e-05,1.35249377128382e-05,4.84529886415768e-05,1.52749894030512e-05,0.000103414930387961,0.000109270308706306,0.000211563958349275,5.50022578793074e-05,3.28802662795637e-05,1.55733219625305e-05,1.19751434457934e-05,9.99523686867324e-05,0.000102509141426689,0.000403791782103078,0.00134828482701172,0.00144182295756379,0.000215389988712925,0.000177155191959447,0.000159107990588462,9.93413194551898e-06,1.32505049134908e-05,5.56944107282898e-05,9.44387123003109e-05,0.000780720414634654,3.64402285931593e-05,6.67768838851607e-05,8.00957224949554e-05,2.99990832560202e-05,2.59668801352325e-05,5.77637090142397e-05,2.2837622270677e-05,0.000162545120682577,6.74585665398949e-05,7.2633847206388e-05,8.52475516177844e-05
"HVJ_D7",0.000156351115699424,0.000107071772743684,9.62333271556644e-05,0.000237076340376171,0.000340928429220766,0.00054598750796236,0.000102821553829852,0.000636233760213117,0.000140925316688248,0.0001016902624919,0.00049730846091759,0.000129239863148273,8.16411374462004e-05,0.000148561201917043,7.99426939267695e-05,1.77312195638228e-05,9.73919225394919e-05,0.000153394631906186,0.000127990960896772,0.000109358936613224,8.30767805969838e-05,0.000116742782777243,0.000105043061167567,0.000104927817714044,5.49912438073281e-05,0.000256440621343982,0.000133891213160373,5.39678489950553e-05,0.000128219160070235,6.60166180908816e-05,0.000187274135094589,0.000102203926477963,0.000188845411497802,0.000127689839711909,8.20126847851472e-05,3.62292927318726e-05,7.20791394442465e-05,8.42159891530668e-05,6.98746247425195e-05,8.13903934474518e-05,7.44606872572124e-05,0.000112486008233753,0.000165192974295054,5.23226914549808e-05,4.05724913995609e-05,0.00046723323194946,0.000126720963814797,0.000581752369471152,0.000723722308265687,0.000250817196400943,0.000601881932608839,0.000119437511519842,0.000103074694094845,0.000122663675578557,0.000185717767068177,8.38072181436378e-05,5.28708543696519e-05,9.83380234486407e-05,9.57167733208722e-05,0.000272524813316421,0.000165185108374543,0.000404818650925152,7.40256293566478e-05,0.000127424475432022,0.000112331906018037,4.85116074365044e-05,4.38955001409965e-05,7.81682676610769e-05,0.000150578069807088,6.18647907304307e-05,0.000235263585859962,0.000336616601389992,0.000208216120262037,0.000105916050098272,8.61646031778494e-05,3.32687319227133e-05,0.000306314565109605,1.82865725446574e-05,0.00010551375809722,6.00984213252973e-05,0.000107080532384319,0.00203432913106164,0.000180793040296838,8.17883094988528e-05,2.18347313971508e-05,7.21722195970481e-06,9.50742473986584e-05,1.44980133536582e-05,7.24330129747428e-05,0.000117387241937032,7.77437391943618e-05,7.23627354550192e-05,3.2310952843588e-06,8.94941557596039e-05,7.18722560146541e-06,0.000159099566926416,0.000108046974014391,0.000182844265349619,0.00026144951394987,0.00167275956818825,0.000322847112811659,0.000224799054011491,0.000437902954444523,1.13991877324509e-05,1.818651381452e-05,0.000103555428777671,5.53889157029928e-05,0.00108922711966738,9.62534123584867e-05,0.000112716299495702,8.22501343480476e-05,3.72502561717079e-05,1.72614690526728e-05,0.000113951758476081,2.4143100124148e-05,0.000179054362155474,9.51490766438893e-05,7.14352750517535e-05,7.8100973314441e-05
"SMC_D1",8.19471384742118e-05,8.80859483684935e-05,0.000113381202666016,0.000205955031039703,0.000204723977181421,0.00039164094820854,8.19712178273605e-05,0.000211975474813695,0.000131207725413669,0.000115744303331071,0.000198403363374311,0.000145551133287039,0.000156230544755008,0.000164572128882818,0.000121851164693535,3.07294610422592e-05,0.000123464680622575,0.000239333022696695,0.00035508509884414,0.000203820267498368,0.000158761341547038,0.000321407383286742,0.000161063155034875,7.96416785469114e-05,8.66365621049658e-05,0.000158213009762117,0.000114650413289036,0.000121027595845319,0.000138964262851751,0.000142520014763254,0.000284552837844808,7.36952857447575e-05,0.000175768959885438,8.3527752987723e-05,5.22621752446313e-05,1.1922729282151e-05,7.17687920531409e-05,0.000111322393277854,0.000100321880314033,8.07248033778169e-05,3.18061317280703e-05,0.00011953171720001,0.000107632983539132,7.20411407253454e-05,2.61898222685761e-05,0.000357111345936399,0.000132107999915358,0.000478397763518773,0.000518431436285899,0.000174632914386727,0.000486200407081625,0.000102103075487738,9.51752644086135e-05,7.27589667733438e-05,0.000118721407596001,7.31043574784247e-05,4.07479969815868e-05,0.000102319578833921,7.03927914824857e-05,0.000140889258118619,9.45159440438574e-05,0.000241846077986832,0.000123995006949001,0.000113500832384049,6.23156702877695e-05,5.62197541975326e-05,7.65170501876604e-05,3.51349436896272e-05,1.66277241949003e-05,5.78853338625885e-05,0.000592853983205715,0.000261385793520461,0.000181938781113604,0.000122950891980534,0.000145272219824817,3.39013316667044e-05,0.000184072685659695,2.46770447347505e-05,0.000160077318578641,2.71902030884841e-05,7.85184491898681e-06,0.0019136340301545,0.000475345611160263,6.25114459023953e-05,6.17873462118165e-06,1.27268070639949e-05,8.7046699106804e-05,6.49742654591319e-06,0.000118596646616112,0.000281145019575268,0.000231222071079395,6.92217402137587e-05,1.09226306423146e-05,1.04475062497976e-05,1.45013345634332e-05,0.000137014976516519,9.05857234211693e-05,0.000476968554547195,0.000442661127936957,0.00113644745433837,0.000209111954372021,0.000133013061169004,0.000192039629087336,1.7933468754813e-05,7.12850758373314e-06,0.000146570063025171,2.34146800726633e-05,0.000625979318148555,0.000115866191922916,9.80688614423259e-06,8.83408935001062e-05,1.14199612907983e-05,3.22766267659413e-05,8.966518341189e-06,7.72922774737926e-06,0.00016198981692121,9.63478276686103e-05,0.00032413682500885,9.89012178757157e-05
"SMC_D7",9.23183462192617e-05,7.99111700414231e-05,8.41200293001857e-05,0.000227418680722731,0.000246579457679497,0.000640308100240356,3.34261155903364e-05,0.000159841559087645,3.84054548522607e-05,0.000175420122939127,0.000316954184815653,5.2699664915851e-05,3.51909225648954e-05,0.000137367651202593,0.000124513699308895,1.05747244985264e-05,7.70710363189138e-05,0.000157429716138755,0.000152815508727786,0.000115761210911172,6.73292591093994e-05,0.000226653791350674,4.29478317559276e-05,5.047960289705e-05,8.66937055996443e-05,0.000192113748640222,9.41527588504236e-05,2.58531912680082e-05,0.000100457845460605,8.3249253925863e-05,0.000283411630142314,5.03328289672147e-05,0.000159315865989862,5.34253352627585e-05,8.12756174839932e-05,2.96650338021325e-06,4.24598727978596e-05,8.47191192882939e-05,7.66441021461073e-05,3.16058361659299e-05,3.89384910614083e-05,9.53474021798182e-05,0.00015750137255775,7.16968325696205e-05,0.000151099373471238,0.000320159669790703,0.000142110469344944,0.000517319867604997,0.000593962912134872,0.000711382075696158,0.00117273025804026,0.000126241544961665,9.0827336060629e-05,0.000216793956986644,0.000121091318027624,0.000107791123921139,3.53196199952824e-05,9.50459505013876e-05,0.000114894937763922,0.000240664861234323,6.51420822627134e-05,0.000255233584564469,0.000154745011437958,0.000151972934248715,9.26590673724987e-05,5.46314060542805e-05,8.64571075263417e-05,3.34576653084034e-05,9.89973998755957e-05,5.72742843783694e-05,0.000338176093842476,0.000338073123385692,0.000122192747568935,8.4794912281301e-05,0.000123225027454753,3.14164879120065e-05,0.00022128657660299,4.03134979520426e-05,0.000196557565046702,1.65757060442038e-05,9.60517699063905e-05,0.00183560919519155,0.000162720530047307,8.92340290995207e-05,5.87395075044032e-05,1.26021531241257e-05,0.000111846559452002,8.37976853292683e-06,8.85021831665578e-05,0.000122360006586369,0.000101849507860127,0.000100080630243285,3.22848857417989e-06,2.47210931279288e-05,2.68077149571289e-05,0.000135996459010744,0.000115540853110131,0.000430908172594996,0.00043147057521421,0.00131722568534802,0.000237977253204658,0.000206498512896499,0.000256871988856039,1.0172438297334e-05,1.70855066435379e-05,0.000118533271039266,8.98731959648967e-05,0.000725318308752275,3.94669853416727e-05,9.24107926632696e-05,0.000117647563590084,5.2941506780539e-05,7.4560204138098e-06,0.000113870672725349,7.9449182563265e-05,0.000150079084172403,7.19801303275354e-05,0.000324930505808178,0.000110599620416421
